id;first_name;last_name;mobile_phone;email;sc_code_citizen;iban;expire_date_s_contract
1;Garnett;Schinner;Fish multi-byte Savings Account;Carli45@yahoo.com;seamless Metal deposit;AZ61SY0900350100610920605540;2019-05-09T11:10:52
2;Lenny;Parisian;Centers;Uriel_Weissnat80@gmail.com;access Intelligent;ME91071400040635006098;2019-05-09T13:12:59
3;Isom;Weimann;Chief Credit Card Account;Erick.Bogisich@hotmail.com;Tasty Plastic Pizza scale;FI7083252100209731;2019-05-10T00:46:33
4;Abner;Ankunding;magenta monitor 1080p;April_Walter@yahoo.com;Internal;RS05430033760063007775;2019-05-10T02:09:21
5;Ole;Gaylord;Sleek Metal Table Small;Bernadette89@yahoo.com;Harbor Montana;NL98XDGP5200121968;2019-05-10T00:43:27
6;Loren;Breitenberg;Squares mint green e-business;Kallie.Hand89@hotmail.com;support Gorgeous;TL344088000540020312574;2019-05-09T23:05:33
7;Aniyah;Witting;Functionality;Mauricio.Kunze14@gmail.com;Supervisor;FI3494033921492607;2019-05-09T22:56:52
8;David;Fisher;cross-platform Point Orchestrator;Kailee79@yahoo.com;Gloves Bedfordshire Argentine Peso;SK3232005260963913100586;2019-05-10T01:37:44
9;Danyka;Okuneva;parsing;Jose24@yahoo.com;Tasty Customer Human;MU39EIHJ7888760186016003464QZF;2019-05-10T03:35:50
10;Merritt;Auer;Bedfordshire;Nayeli_Hickle@gmail.com;alarm local area network Benin;KW59JQGG5Z4X4J668245709MHW79I5;2019-05-09T08:37:12
